category,genome/assembly,orf,HMM,bitscore,bitscore_cutoff,clusterID,heme_c_binding_motifs,heme_b_binding_motifs,hematite_binding_motifs,protein_sequence
iron_aquisition-siderophore_transport,B1_de_novo_contigs.fna,NODE_9_length_153363_cov_77.322756_12,HatD-family-substrate-binding-protein,129.9,27.5,1,0,0,0,MKQRPVLGMAAATLLLVIGAAGCGAATTGQNLNQSASSNASANTSANTAPSATSPNGQTAAFPITLKDDTGHTVTISKRPVRIASTTEGTDEILSALVPKKDIVLVTTYSSDPAFSNITSFVKGIPAIQNANAEQIIAVHPDLVLMASYTTPGVVNQIEQAHIPTYEFNNFNSVSDIEHNIEVVGQLVGNESTAKALVQKMQGQIQSVKDKVKGATKPTVLDYSSYGFAAGSNTTVNSIIDDAGGINAAAKLNGWQKISDEEIVKLNPQVIIDASNDTGFVQKILSNPALSTVSAVKNHRVYSINGPDLTTVSQYITRGVRDVAKVLHPNVQFGQ*
iron_aquisition-siderophore_transport,B1_de_novo_contigs.fna,NODE_9_length_153363_cov_77.322756_13,FpvE-family-permease,289.3,25.8,1,0,0,0,MNPAKRGSVRWAFVILAIGFCAAGALELSLGPMGTPVAKIPADIWGYFTGGHSTDDVVLGAIRLPRLFVASLVGAGLASTGTVLQAMFRNPMADPAIIGVSSGGSLGAVLVIQFGLSQLSVWYVPLGAFASGLVTVFVIYRLATIRGRTSIYSLLLAGVAISSLCSAIVTLALSLAPLETMQQMLFWLMGGLDGSTWKNVFILTVFVLAGLAVYLYQAPALDLISIGEEQAEGVGVPIQYTKQITLAVSALVVGACVSATGVIAFVGLVVPHLLRLWIGPAHRNLIVASAIGGAVLMVLSDLVARMVLLPVELNVGIVTSCLGAPFFLFLLRRQESNAFRG*
iron_aquisition-heme_transport,B1_de_novo_contigs.fna,NODE_9_length_153363_cov_77.322756_14,HmuV-family-ATP-binding-protein,224.5,220,1,0,0,0,MDDNLWALSLDNVSYRKVLSGLNLQWQYGQLIGLIGPNGVGKSTLLRMLAGVWRPTQGHVYLEGKPLHALTARQRAKHVAYLPQQMPETAVFTVRQYVEMGRYAYRTAWKGLGPDSREAVEKAIDALDLSSYSDVYLDHLSGGERQRAGMARCIAQGSRIILLDEPISNLDLYYQVDILHRLEELAKAGYLVVAAIHNLELAARYCTALVLLNKGRVYAHSSPEQVLTEQALRDVFQVSAKTYTDPYSGFLRLSHQA*
##########################################################################################################################################################################################################,,,,,,,,,,
iron_aquisition-siderophore_transport,B1_de_novo_contigs.fna,NODE_9_length_153363_cov_77.322756_95,PvdR-family-sideropore-export,62.7,61,3,0,0,0,MAIAVVIVVIGAIAFQVFRTKQTQVSLVTVTRRTMQNKVFGSGTVRPVQKQLIMPGSLSSTQYQIDVKAGDRVHVGQALVSTPNSTAAAAVTAARASVASAKSLLAAGLPSAAATLAQAQAQLSQAEAAYAATVVRAQIDGMAIMVNPNGVDSNGNQVPLVEVVSAAKKIVVNVSEADAVHLHPGLSAKITTDAYPNQTWTGKISSVAGYAVTNSSGSGQVEVDLSVPTSFVVPFGYTVNVNIVSATHDKVPAIPYEALVQDGSGYAVYQYKNGRVNKTQVTLGITGNTFVEVTKGLTPGMKVVLNPPSSLQSGQAVNAS*
iron_aquisition-siderophore_transport,B1_de_novo_contigs.fna,NODE_9_length_153363_cov_77.322756_96,PvdT-family-siderophore-export,232,175,3,0,0,0,MIELLGITKSYLMGGSKLTVLRDIDLAIEDGEFVSIMGPSGSGKSTLMNILGCLDTPTQGEYRLRGRPVQSLDSDALAHIRNREIGFVFQNFHLLPRMTALKNVELPMVYKGLSRRQRSDRAVELLQRVGLSDRADHLPQALSGGQKQRVAIARALANEPTILLADEPTGALDSVTGKEILGIFSALNQTGVTVVVITHDESVASYANRVIRLKDGRVIADERGASHDSF*
##########################################################################################################################################################################################################,,,,,,,,,,
iron_gene_regulation,B1_de_novo_contigs.fna,NODE_1_length_430038_cov_71.057182_193,PF01325-Iron_dependent_repressor-dtxR_family_N,86.6,40.1,5,0,0,0,MLTPSMEDYLEKIYELMNEKGYARVSDIASSLDVQPSSVTKMLQRLDENNYVTYEKYRGIILTSRGQKLGRQMKMRHHMLAEFLRILNVSEETIQRDVEGIEHHVSPTTLDSLQALVMFFNENPQCLGLFHAYCEPKATAQEDD*
##########################################################################################################################################################################################################,,,,,,,,,,
iron_storage,B1_de_novo_contigs.fna,NODE_22_length_74767_cov_80.794390_61,PF13668_Ferritin_like_domain,23.4,23.4,12,0,0,0,MSNDKSNGNSNGNSQEYLTKTLVENWRREMQAAALYRMSAGAERDVYRRGILMKLAEVEQKHANMWEQKLKEQGFDTSKLTRPEVSLPDLRPETVVERIEAIETSNATWYQSLRHVISDEDIVRILDEIDADERDHESVADQLSTPHSPGKRLRKIWNEERWHNRGSGDWVGDAIYGVNDGLGAIFGIIAGVAGFTSNTNQVLISGLFGALASTLSMGAGAWLATKSEHEVMDTAIAQERREIDEDPEHEIEELSLLYQLKGFSIEESNQIANRIASNPDQFLKTMVQEELGIHEESKGNPWKSAAFGGASTFVGGIIPLIPFFFMSGLSAMITAAIISLVAHFLVGAAKSLITVRSWWTSGFEMTLVGVIVGVVSYGLGLVGSNLLH*
##########################################################################################################################################################################################################,,,,,,,,,,
iron_gene_regulation,B1_de_novo_contigs.fna,NODE_27_length_64799_cov_81.941720_14,PF01475-Iron_dependent_repressor-fur_family,94.6,23.8,13,0,0,0,MQSLNLTGPRRAVLDVVRTSTDHPTATDIMDRLAQQGNRVAYATVYNSLKYLTEKGMIRELNIGNGVMRYDGRMEEHGHLICTRCGAIAESAADIPDTVIETIEAETGYKVHDMNLLLTGLCPSCRKDVQSH*
##########################################################################################################################################################################################################,,,,,,,,,,
iron_gene_regulation,B1_de_novo_contigs.fna,NODE_39_length_48332_cov_71.494457_26,Sid_PvdS_regulator_Paeruginosa_PA2426_180620,21.9,18.7,15,0,0,0,MNSAMSANDGVEQLFHLYASDVYRFARYLAPADVDAKDVVQEVFLRAFRGWNDQGISNPKAWLLQITRNYVFDLLRKKRVESKYQEKHKPDLSRVSVSLNTLIELEDAVLHLKLDYRQVFILRCVHDLSVEETAEILGWSEAKVKTSLHRAIKELRIALGPERFDSSKPLEERGEPNEHGREGKRDFFSTSRRGSGFRR*
##########################################################################################################################################################################################################,,,,,,,,,,
iron_aquisition-iron_transport,B1_de_novo_contigs.fna,NODE_11_length_142125_cov_73.817379_6,YfeB-family-membrane-proteins,76.7,50.9,17,0,0,0,MTDAVRVENLSHTYMLGTPMEHQALHQVSLRIETGQCAAIIGHTGCGKSTLIQHFNALLRPQSGSLTVAGEDLGRPKLDVKAIRRKVGLLFQNPEDQIFEKLVGDDIAFGPYKQGLSVREVTERVKWAMEVVGLPFSEMKDRTTFALSGGQKRKVALAGVLALRPEILVLDEPTAGLDPKSRKDLLARIKDLNREEGLTVIFVSHNMEEVAYLADLVYVLADGSVAASGTPREVFSQPDLLQMHRIGMPETIEILHELNEAGLSVDPGVHDVDLAASEIVSVLPEREGE*
iron_aquisition-iron_transport,B1_de_novo_contigs.fna,NODE_11_length_142125_cov_73.817379_7,YfeB-family-membrane-proteins,80,50.9,17,0,0,0,MSEGSRIGSSLVQVENISFAYKVNEKTEIPVFENISLSIREGEYVAIIGHNGCGKSTLAKHLNGILLPKSGRVFVAGMDTRDKSLKKEIRKRVGMVFQSPDNQIVATMVEDDVAFGLENLEVPEDEMRQRVKEALEMVGMTEFRHRPPHFLSGGQKQRVAIAGILAMRPECLVLDEATSMLDSIGRQEVLTVIDRLHDEGMAIVAITHHMSEVVRADRVLVMEAGRIVMEGTPREVFANRERLQELQLDAPEASQISQRIHERRPYFPGNLIHPKEVVDAVLEANRTKRQVRKG*
iron_aquisition-iron_transport,B1_de_novo_contigs.fna,NODE_11_length_142125_cov_73.817379_10,Nramp-family-protein,79.4,25,17,0,0,0,MSKNLAYYDDSAVLDQAHTGDIRGALGTVRANDFAARKGWKARLLTLLAIMGPGLIVMVGDNDAGGVSTYAQAGQNYGMSLLWLLLFLIPVLIVNQEMVVRLGLVTGVGHARLIFERFGKFWGAFSVGDLFILNFLTIVTEFIGIKLSLQHLGVNPVIGVAAAAVLLIGSTVTGSFRRWEQFMYLLVALNFLVIPLAFMSHPHWGPVTHGLLVPGVKGGLTSNSVLLMIGIVGTTVAPWQLFFQQSNVIDKRLTPRWMNYERADTAIGSIVVVIGAAALMSVTAFAFQGTALTGHFVNAAAVMAGLSSHVGALAGNLFAIVLLNASIIGAAAVTLSTSYAFGDVFGTKHSLHRKWSDARGFYLVYGLIVAVSAGIVLIPQAPLGVITVAVQALAGILLPSATVFLLLLCNDRDVLGPWVNRPWLNAVSSVIVGVLVLLSLVLAVTTFFPAVDVRVLVFTMTAVLAGVLVSALAVSLARSAKRKVSGAVAASSAVRSLDERKQQVGDRYSWRMPPLSKLSKPVWSPVRKLGMLTLRLYLVLAVVMLVIKAVRLAMGHAA*
##########################################################################################################################################################################################################,,,,,,,,,,
iron_gene_regulation,B1_de_novo_contigs.fna,NODE_7_length_167640_cov_78.254698_78,Sid_YqjI_regulator_for_YqjH_P64588_Escherichia_coli_180606,26.6,20,20,0,0,0,MKGYIDAIILSIIAGHDSYGYEIAQIVNHQTGGALELKEGTLYPALRRLEAENWIEGYWGNEGSGPRRRYYRITSQGHEQLAKNREAWTRNQTIVNTFLGGVEPT*
##########################################################################################################################################################################################################,,,,,,,,,,
iron_gene_regulation,B1_de_novo_contigs.fna,NODE_7_length_167640_cov_78.254698_104,Sid_YqjI_regulator_for_YqjH_P64588_Escherichia_coli_180606,24.1,20,21,0,0,0,MKGFIDPIVLSVVVRGDTYGYQIAKVVNEQTNGALELKEGTLYPALRRLEAEHLIEGFWGNETDGPRRRYYRITKKGLASLESSRQSWNQYQRILNTFLGEAFA*
##########################################################################################################################################################################################################,,,,,,,,,,
iron_gene_regulation,B1_de_novo_contigs.fna,NODE_7_length_167640_cov_78.254698_145,Sid_YqjI_regulator_for_YqjH_P64588_Escherichia_coli_180606,25.9,20,22,0,0,0,MKIDKELVKGSTVILILTMLRKRSMYGYEMIRELDEQSAGVFTLKEGTLYPILHTLEELGMVQSFWQSGQGDRKRKYYSITDAGTAHLSHKTEEWRVFRSAVDKVIGEVGV*
##########################################################################################################################################################################################################,,,,,,,,,,
iron_aquisition-iron_transport,B1_de_novo_contigs.fna,NODE_3_length_208412_cov_79.129613_15,YfeB-family-membrane-proteins,64.9,50.9,23,0,0,0,MIEMQDVWKQYPNGTPALNGITIKIDKGEFVYVVGPSGAGKSTFIKLIYREEKPNKGHIFVNGFNIERLKERKVPYLRRSMGVVFQDFKLLPRLTVGENVAYALEVIGTNQRVIRKRVKDVLEWVGLEDKTQLLPSHLSGGEQQRIAIARALVNNPTVIIADEPTGNLDPETSWGIMRLFQRINDRGTTIVMATHNKEIVNTLRRRVVAIEAGQIVRDEVKGTYGYDD*
iron_aquisition-iron_transport,B1_de_novo_contigs.fna,NODE_3_length_208412_cov_79.129613_22,YfeB-family-membrane-proteins,55.9,50.9,23,0,0,0,MSHESIVVKGARAHNLKNIDVVIPRDRFVVVTGLSGSGKSSLAFDTIYAEGQRRYVESLSAYARQFLGQMDKPDVDSIDGLSPAISIDQKTTSRNPRSTVGTVTEIYDYLRLLYARAGRPYCPNCNIPIASQTVEQMVDRLMELPGGTRIQVLAPVVRGRKGEHQKVLEDIRKGGYVRVRVDGEVRDVSEDIQLEKNKKHSIEVVVDRIVVKPEVTSRLADSLETALGQSGGIVVVDVMGQEELLFSQNLACPNCGFSVEELAPRMFSFNSPFGACEACSGLGVNMEIDEDLLIPDANVTIADGAIVAWAGSSSTYYPQLLLAACKSYGVDPNVPVSSLSQEQLDMLLHGTGEPVRFTYENDFGQVKTVQIPFEGVVPNLERRYRDTASDYIREFIEEFMSAKPCPKCKGQRLKPQSLAVLVGDKNIAEVTALSVLEALDFFEHLELTEKEFAIARLILKEISARLGFLRDVGLDYLNLSRSAGTLSGGEAQRIRLATQLGSSLMGVLYILDEPSIGLHQRDNERLIRTLEHMRDLGNTLIVVEHDEDTMFAADYIIDMGPGAGVHGGNVISTGTPEEIMADKNSVTGQYLSGRRFIPVPEQRRKPDGRYLTVKKAKENNLKSVTVKVPMGVFTCVTGVSGSGKSTLVNEIIYKTLARDLNKARVRPGASGGLSGLEHLDKVVDIDQSPIGRTPRSNPATYTGVFDDIRDLFATTNEAKMRGYKKGRFSFNVRGGRCEACRGDGIIKIEMHFLPDVYVPCEVCKGKRYNRETLEVKYKGKNIAEVLDMTIEDALEFFENIPRIARKMQTLVDVGLGYMRLGQPATTLSGGEAQRVKLASELHRRSNGRTLYILDEPTTGLHVADIERLLVVLHRLVDGGDTVLVIEHNLDVIKTADYLIDLGPEGGERGGELVAAGSPEAVCRVPESYTGRFLAPVLERDTQRAQRAQAEMDRQETTA*
iron_aquisition-iron_transport,B1_de_novo_contigs.fna,NODE_3_length_208412_cov_79.129613_24,FbpC-family-ATPase,310.5,300,23,0,0,0,MAQVFLKDVWKRYSGDVVAVRGFDLEIADKEFIVLVGPSGCGKTTTLRMVAGLEDISSGDLFIGDRRVNDVAPKDRDIAMVFQNYALYPHMSVFQNMAFGLKLRKFPKDEIDRRVREAAKILDIEHLLERKPKALSGGQRQRVALGRAIVRDPQVFLMDEPLSNLDAKLRVQMRAEIKKLHQRMQTTVIYVTHDQTEAMTMGDRIVVMKDAIIQQVDTPQQVYNHPVNMFVAGFIGSPAMNFLNGDLYEQGGEVWFRAPEVNIKIPKGRYESLRDAGVVGKPVVLGIRPEDLHDEEVMLSTYPDAQITVRVEVVEHMGSELYLDTVIGGQSVIARVNPRSDFRPEMDLKLALDMNKMHIFDAETQQAVPFSGH*
##########################################################################################################################################################################################################,,,,,,,,,,
iron_aquisition-iron_transport,B1_de_novo_contigs.fna,NODE_3_length_208412_cov_79.129613_82,FbpA-family-iron-binding-protein,105.1,62,24,0,0,0,MKLRFRKAVLPALIAVSMVSVAGCGAASQSSSNSASSGSNSSANSNSTGSSSNSSSSSSSGSSNQTLVLYSAQGYDQAMANAFTKATGIKVKLVDASTGPIIAKIEGEKSNPHWDVAWFDGDSTMQSLDNQGLLLKNWTPSDMSNYNSLGKSLVPSDHAYFPGGVTAAAAIGVNTKLVKPSQYPKDWTDLLSPQWKGQVAMNDPAVSGPTFPFVAGMMQLKGTQGGEQYFTQLKANGLKIFRTNGVTLKALLKGQVKAVMIQDSALTSAKAKGDPIHIVYPTSGVFTLPDVVAIDKNAPDMAAAKKFVEFVLSHQGQSVMLNPKNGGGDSYFNPVITGEKPNPQRQQSGINWVKVNPIAAAQNETQIQTWFHDHITQ*
iron_aquisition-iron_transport,B1_de_novo_contigs.fna,NODE_3_length_208412_cov_79.129613_83,FbpB-family-iron-permease,106.7,88.4,24,0,0,0,MTTSRSNRSFRNTRGWLGAAPSLLIFLILILYPVLSLLIQTFLPNMFNTHMSLRPSIGPLREVFTNSLNFLAVLNSVELGLASAVLAVVFGTICAFGSLRASRVVRVVIDTGVWIVFFAPSYVIAQGWLGFMQDGGIAAELFHLPNGWSTWFFTKYGLAVAMSLRYIPFVYFAMTQAIANIGTEFEQAGRLLGASRRVLFRRITLPLMTPALLAGASLAFAEGFGDFGFAAAITPSTHIPLITYQIYASLDQNPVNYPAAAGLSMLMVFVMALAFWLQMRWVNRRSYSTVSSHSRVTASHQARRFSPAVIGALVILVFALVLPIGSTVLESLLKSNATGLSAGNWTLHHYQQVLNMNGSSIASLRRTVVYSIVTGVLTMVFGLYLAFQMMFKKTAAVRFINTVMIATIAIPGIVLAAGFLFAYNAVWLIPVHLVIYGTPLCLGMAYLAGTLPFAIRLQIGAMNQMSPNLTTAAASLGAKQRTILRRVVLPLVRGTAVSTFFMALTGTMFELPASSLLYPAGYPPFPEVIQQKFNAFEYARGSAFTMVGMVIVFAMYALGRILEWRLSRTSRSGKGEVTSHKTADEVRRESRPVVSSPQP*
iron_aquisition-iron_transport,B1_de_novo_contigs.fna,NODE_3_length_208412_cov_79.129613_84,FbpC-family-ATPase,330.6,300,24,0,0,0,MKLQLEHVFKRFDKKEVLQDINLAIDEGEFIALLGPSGCGKTTLLNALAGFLDIDGGQIAVGGEVWSSAQSTLAPERRNVGMVFQDFALWPHLTVFENVAFGLKVKRKGQDEIRRRVHEVLSIVQMTGYEKAFPHQLSGGQKQRIAIARALAPNPTVLLMDEPLSSLDAKLREQMRWDLLSIIRAARITTIYVTHDQVEALSMADRIVLLNSGRVEQVGTAQELYNAPKTEFAAYFMGASNLLQVNVESEDAKGTVVNWNGVKLYVRTTDSKLHRPVVLLRPSDIRLSKLEHAREHQNGTTASLVGNVVQRAYQGATWLYQVMPSQARGDSKLLEVWSQEEFDEGQVVSIDIPDNAGKLVEGGVTVQAVQDR*
##########################################################################################################################################################################################################,,,,,,,,,,
iron_gene_regulation,B1_de_novo_contigs.fna,NODE_5_length_196830_cov_74.802051_19,Sid_PvdS_regulator_Paeruginosa_PA2426_180620,20.8,18.7,26,0,0,0,MAGQESAREAIQAMFELYANDLYRYVRLTLGGHEAMDVVQEVFLRAFRSWDTFRHDANEKTWLFTIARNYIFDLLRKKRTETNFLQNYDPPFAKDETATVETFIVLEQALTHLKKTYRHVFVLRHVENLTVQETAQVLGWSESKVRTTDHRAIGQLRKLLDPGAKEVLIHGETRPGHH*
##########################################################################################################################################################################################################,,,,,,,,,,
iron_gene_regulation,B1_de_novo_contigs.fna,NODE_5_length_196830_cov_74.802051_82,PF01475-Iron_dependent_repressor-fur_family,68.7,23.8,27,1,0,0,MKLDAIKTLLNDHNFRLTQERETVLTAFMNADRMLTPAQLHALVKGQQTKVGLTTVYRLLEVLTKVRLATPFLIDGEIFYTFCSEQHHHHFVCLNCHRVKDIYECPAALPANPNFGSIEYHRLDLYGHCPSCDDHEKEGALC*
##########################################################################################################################################################################################################,,,,,,,,,,
iron_oxidation,B1_de_novo_contigs.fna,NODE_6_length_171226_cov_70.995092_135,sulfocyanin,70.4,45.4,28,0,0,0,MKRRIAMAGTALAIALVCTGCNGQNAVSNAANATSNAAGMAANAVNQTAKQGADAVGRTANAAGAAASQGAHAMHNAVSGAAADTNAALSHWLVEHPRARSVDLTLVAGFNNHNRGFNFNGYSNGDMAVTVPKGWTVHVTFQNRNGIAHSAMIVPYNQHAKPSRFTPAFSGSSTSNPSTGVARNSIQTFQFKADKTGQYAIICGVPGHAAAGMWDVFRVSDTAKTPSLTTK*
##########################################################################################################################################################################################################,,,,,,,,,,
iron_gene_regulation,B1_de_novo_contigs.fna,NODE_121_length_2911_cov_81.724065_2,Sid_PvdS_regulator_Paeruginosa_PA2426_180620,32.5,18.7,29,0,0,0,MKRDVNIEDLFRAYKGDVFTYLVYFTGHADVEDLVQETFIRAMKGISGYRHNASVKTWLYAIARNLAVDFKRRKHVVAIDEELLNLPSSDRSPEEQMEVRDTTKHILNLLGKVNAKYRDVLILRGIHELSTQETAEVLGWTTVRVNVTFHRALKVARKLIETEDGEERLYGAIK*
##########################################################################################################################################################################################################,,,,,,,,,,
iron_gene_regulation,B1_de_novo_contigs.fna,NODE_86_length_12039_cov_80.724544_4,Sid_PvdS_regulator_Paeruginosa_PA2426_180620,29.4,18.7,30,0,0,0,MYPLDTNIEELFIAYRHDVYKFLIYYTRTFDVEDLVQETFIKALKGLRGFQGDSNVRTWLFSIARNVAIDYQRKKRPIVQFVKESKLVNVASNAKTPEQVVELTETTKFVLNVLGNLNPRFREVIVLRGVHDLSSKETARILGWTTTKVNVTFHRAIKAAQELLIQESGGFLENGMDG*
##########################################################################################################################################################################################################,,,,,,,,,,
iron_gene_regulation,B1_de_novo_contigs.fna,NODE_92_length_9194_cov_80.465504_6,Sid_PvdS_regulator_Paeruginosa_PA2426_180620,27.8,18.7,31,0,0,0,MNETDDAALFLQIKRGNTTALEAVYDRYNSLVYTFAWHRLRDADLAAEATQDVFVRLWTTTADYDPDKSQFSTWLLTIARHICSDKLRKMARVAPVASPVEISQTLLVDGNPPETAEARWFRRDVHQVLVSLPAEQRTVIELAYFQGHTLREIADFTATPLGTVKTRLNKALRTLRQNLQGWGGELDRESTL*
##########################################################################################################################################################################################################,,,,,,,,,,
iron_gene_regulation,B1_de_novo_contigs.fna,NODE_115_length_3596_cov_83.470588_1,Sid_PvdS_regulator_Paeruginosa_PA2426_180620,20.1,18.7,32,0,0,0,MQLEDLFHQYADDVFTFLVYLLKDRSLAEDVAQETFIKAMRIIEQGNRIDRPKAWLLQIARRTALDVLRKNKRRVTMAMEDVVQDVPDDRTGTEETAESNITVSELLSVFEEMKPEYRQVVLCRSVMDMTSKDTARTLGWTANHVRVILHRALKAARQELARRGWSSEIEK*
##########################################################################################################################################################################################################,,,,,,,,,,
iron_gene_regulation,B1_de_novo_contigs.fna,NODE_78_length_14524_cov_89.271475_12,Sid_YqjI_regulator_for_YqjH_P64588_Escherichia_coli_180606,27.6,20,33,0,0,0,MRKEPLRGHLDAILLSVLTNGDSYGYEITQAVNEQTDGALVLKEGSLYPALKRLESSRFIEGYWGTDKDSGPRRRYYSITEHGRHHLETLKREWDAEQKLLSVFLRAVQPE*
##########################################################################################################################################################################################################,,,,,,,,,,
